"H38",20001,,"CH","","","","","",,"1",,
"H38",20002,2000-03-03 0:00:00,"LO","","","949000000141143","M0001","F0014",,"1",,
"H38",20003,2000-02-05 0:00:00,"LO","","","949000000144192","M0001","FF16",,"1",,
"H38",20004,2000-02-11 0:00:00,"LO","","","949000000026188","M0001","FF16",,"1",,
"H38",20005,2002-03-14 0:00:00,"LO","","","","U280","P096",,"1",,
"H38",20006,2010-02-15 0:00:00,"SM","2570119","","949000000008108","2353900","2289288",,"1",,
"H38",20007,2012-01-11 0:00:00,"SM","2669481","006Z5ID","949000000132976","2360021","2570117",,"1",,
"H38",20008,,"AR","788190","","","566481","405675",,"1",,
"H38",20009,2010-01-01 0:00:00,"SH","","","949000000248909","","x4101844",,"1",,
"H38",20010,1989-02-07 0:00:00,"AN","11270134","LANDMARK BANDO 912","","BANDO155","LGL774",,"1",,
"H38",20011,1990-02-01 0:00:00,"AN","11451945","PAPA 8810 R R HERO 0915","","HERO6267","PA8810",,"1",,
"H38",20012,1983-03-23 0:00:00,"AN","10312571","BASIN EMULATION 5653","","EMUL8520","BS1051",,"1",,
"H38",20013,1990-12-31 0:00:00,"AN","11569005","B F RAINMAN 9118 117","","RAIN340","BFT7112",,"1",,
"H38",20014,1991-02-11 0:00:00,"AN","11621009","M D G CHAIRMAN 1041","","CH6011A","MD9114",,"1",,
"H38",20015,1990-09-06 0:00:00,"AN","11520398","G A R PRECISION","","BANDO155","9J9GAR",,"1",,
"H38",20016,1990-04-05 0:00:00,"AN","11402007","IRONWOOD IMPACT PP 022","","IMPACT","PP338",,"1",,
"H38",20017,1992-03-31 0:00:00,"AN","11783725","","","11297283","11275016",,"1",,
"H38",20018,1988-02-13 0:00:00,"AN","11121512","SUMMITCREST TRAVELER X044","","QAS234","SUM044",,"1",,
"H38",20019,1999-01-24 0:00:00,"AN","13384754","","","11783725","12933972",,"1",,
"H38",20020,,"CH","","","","","",,"1",,
"H38",20021,,"AR","","","","","",,"1",,
"H38",20022,,"AR","326175","","","","",,"1",,
"H38",20023,,"AN","","","","","",,"1",,
"H38",20024,,"HH","","","","","",,"1",,
"H38",20025,,"AN","","","","","",,"1",,
"H38",20026,,"AR","","","","","",,"1",,
"H38",20027,,"HH","","","","","",,"1",,
"H38",20028,1987-05-17 0:00:00,"HH","18869978","BB L1 DOM 7462","","18682140","18508765",,"1",,
"H38",20029,,"HH","","","","","",,"1",,
"H38",20030,,"HH","","","","","",,"1",,
"H38",20031,1990-04-09 0:00:00,"HH","19151357","BB PATRIOT 0293","","18682140","18650505",,"1",,
"H38",20032,1989-03-08 0:00:00,"HH","19189990","96 SANDMAN 55Y","","21839670","42056561",,"1",,
"H38",20033,2010-09-06 0:00:00,"SH","x4179087","","982000128138397","x4161515","x4095135",,"1",,
"H38",20034,1991-04-24 0:00:00,"HH","19249880","B&S PREVAIL BC 1042","","18833614","18972877",,"1",,
"H38",20035,,"HH","19278446","BB WASHINGTON 2041","","","",,"1",,
"H38",20036,1991-08-05 0:00:00,"HH","19283697","BB RED STAN 1476 1ET","","18979369","18679187",,"1",,
"H38",20037,1992-01-31 0:00:00,"HH","19292672","CTY BRIGADER 22B","","19107241","18704719",,"1",,
"H38",20038,,"HH","","","","","",,"1",,
"H38",20039,1993-04-03 0:00:00,"HH","19358298","F MASTER 369 1ET","","19093487","19201999",,"1",,
"H38",20040,,"HH","","","","","",,"1",,
"H38",20041,,"HH","19396807","JA LI DOMINO 3565","","","",,"1",,
"H38",20042,,"HH","","","","","",,"1",,
"H38",20043,1994-01-25 0:00:00,"HH","19427728","BB COM STD  4017 1ET","","19395148","18090899",,"1",,
"H38",20044,1994-02-16 0:00:00,"HH","19432948","ORE 75B 4040 1ET","","18132819","18511517",,"1",,
"H38",20045,1994-02-08 0:00:00,"HH","19436461","BB 7Z STD LAD 4032","","19395148","18786314",,"1",,
"H38",20046,1994-02-08 0:00:00,"HH","19436462","BB 7Z STD LAD 4033","","19395148","19061693",,"1",,
"H38",20047,1994-04-13 0:00:00,"HH","19458354","BB MARK DONALD 4209","","19021767","19223864",,"1",,
"H38",20048,,"HH","","","","","",,"1",,
"H38",20049,,"HH","","","","","",,"1",,
"H38",20050,1995-02-18 0:00:00,"HH","19498500","ANK BB DOM 5036 1ET","","19302922","18923705",,"1",,
"H38",20051,1996-01-19 0:00:00,"HH","19563937","CHURCHILL PATROL 630","","19348992","19432792",,"1",,
"H38",20052,1996-09-09 0:00:00,"HH","19599204","AY MARK DOMINO 7926","","19408550","19408065",,"1",,
"H38",20053,1996-02-25 0:00:00,"AN","12564177","","","11569005","12130258",,"1",,
"H38",20054,2010-09-10 0:00:00,"SH","x4179085","","","x4161515","x4095132",,"1",,
"H38",20055,2011-01-01 0:00:00,"SM","","","","","19Y7",,"1",,
"H38",20056,,"AN","","","","","",,"1",,
"H38",20057,1998-02-08 0:00:00,"AN","13009379","","","12452829","12559297",,"1",,
"H38",20058,2010-02-08 0:00:00,"AN","17119109","","949000000249804","13512009","13780525",,"1",,
"H38",20059,2012-05-10 0:00:00,"LM","2005695","006Z5ID","949000000197533","1936877","1849759",,"1",,
"H38",20060,,"AN","","","","","",,"1",,
"H38",20061,1995-08-14 0:00:00,"AN","12548568","","","10776479","11647241",,"1",,
"H38",20062,,"HP","","","","","",,"1",,
"H38",20063,,"CH","","","","","",,"1",,
"H38",20064,2012-03-23 0:00:00,"AR","1548050","006Z5ID","949000000001185","1330828","1259976",,"1",,
"H38",20065,,"SM","","","","","",,"1",,
"H38",20066,,"","","","","","",,"1",,
"H38",20067,,"","","","","","",,"1",,
"H38",20068,,"","","","","","",,"1",,
"H38",20069,,"","","","","","",,"1",,
"H38",20070,,"AN","","","","","",,"1",,
"H38",20071,2012-04-20 0:00:00,"AR","1547993","006Z5ID","949000000100408","1384618","1041707",,"1",,
"H38",20072,,"AN","","","","","",,"1",,
"H38",20073,,"GV","","","","","",,"1",,
"H38",20074,,"GV","","","","","",,"1",,
"H38",20075,,"AN","","","","","",,"1",,
"H38",20076,,"HH","2584005","BP SANDMAN 146D","","","",,"1",,
"H38",20077,2011-08-17 0:00:00,"SH","x4190244","006Z5ID","982000172933965","x3944295","x4046959",,"1",,
"H38",20078,2011-01-01 0:00:00,"AN","17119121","","","","52S1",,"1",,
"H38",20079,2012-05-01 0:00:00,"LM","2005690","006Z5ID","949000000008967","1936877","1932517",,"1",,
"H38",20080,,"AR","","","","","",,"1",,
"H38",20081,,"AN","","","","","",,"1",,
"H38",20082,,"AN","","","","","",,"1",,
"H38",20083,,"AN","","","","","",,"1",,
"H38",20084,2003-02-13 0:00:00,"AR","","","","GG B571","2254",,"1",,
"H38",20085,2004-05-01 0:00:00,"LO","FM3991","","","FM1909","FF123",,"1",,
"H38",20086,2010-01-01 0:00:00,"SH","","","949000000040961","","x4121225",,"1",,
"H38",20087,,"LO","","","","ALMDKPRD","MISSDKTA",,"1",,
"H38",20088,2002-02-25 0:00:00,"LO","","","982000007489005","27H","FM9",,"1",,
"H38",20089,2004-05-01 0:00:00,"LO","FM3990","","","FM647","FF156",,"1",,
"H38",20090,2011-01-01 0:00:00,"SM","2619614","","","","80L7",,"1",,
"H38",20091,2012-01-31 0:00:00,"SM","2669479","006Z5ID","949000000006113","2281133","2364441",,"1",,
"H38",20092,,"AR","312276","","","","",,"1",,
"H38",20093,,"AR","316788","","","","",,"1",,
"H38",20094,1992-03-28 0:00:00,"AN","11793344","","","","",,"1",,
"H38",20095,,"AR","372968","","","","",,"1",,
"H38",20096,2004-05-12 0:00:00,"LO","FM3992","","","FM74","FF151",,"1",,
"H38",20097,2012-02-04 0:00:00,"SM","2669482","006Z5ID","982000172933978","2289889","2460422",,"1",,
"H38",20098,,"DR","7079","","","","",,"1",,
"H38",20099,1996-01-07 0:00:00,"HH","40036739","","","19476026","2548883",,"1",,
"H38",20100,1995-01-19 0:00:00,"HH","40036740","","","19172457","2396123",,"1",,
"H38",20101,1997-05-15 0:00:00,"HH","40049272","","","19390001","19273999",,"1",,
"H38",20102,2004-03-25 0:00:00,"AR","992320","","982009104173251","788190","667864",,"1",,
"H38",20103,2004-03-14 0:00:00,"AR","992251","","982009104079543","575520","802634",,"1",,
"H38",20104,2004-03-17 0:00:00,"AR","992275","","982009104079673","575520","416033",,"1",,
"H38",20105,,"CH","","","","","",,"1",,
"H38",20106,1998-01-28 0:00:00,"HH","41003694","SR 4411 MARK 8037","","19461176","19410898",,"1",,
"H38",20107,1999-04-24 0:00:00,"HH","41139401","SR MARK DON 9219","","19578040","19571110",,"1",,
"H38",20108,2004-03-13 0:00:00,"AR","992323","","982009104079427","575520","684093",,"1",,
"H38",20109,1998-01-14 0:00:00,"HH","42035398","BP 146D SANDMAN 46H","","2584005","42035388",,"1",,
"H38",20110,1997-02-21 0:00:00,"HH","42035426","FA BRITISHER 126G","","42035420","42035424",,"1",,
"H38",20111,1998-03-23 0:00:00,"HH","4200609","MW PRAIRIE 68H","","42200608","42200607",,"1",,
"H38",20112,2004-03-28 0:00:00,"LO","FM3988","","","FM1787","FF2903",,"1",,
"H38",20113,2010-02-02 0:00:00,"SM","2570106","","949000000078084","2321664","2364451",,"1",,
"H38",20114,,"CH","","Skogen Charolais 5230 Sons","","","",,"1",,
"H38",20115,,"CH","","","","","",,"1",,
"H38",20116,2010-01-24 0:00:00,"AN","17119108","","949000000077091","13512009","16375661",,"1",,
"H38",20117,2010-02-10 0:00:00,"SM","2570112","","949000000015081","2321664","2242073",,"1",,
"H38",20118,2010-02-16 0:00:00,"SM","2570120","","949000000197020","2216165","2397437",,"1",,
"H38",20119,,"CH","","Skogen Charolais 5681 Sons","","","",,"1",,
"H38",20120,,"CH","","Skogen Charolais 5932 Sons","","","",,"1",,
"H38",20121,,"LO","","","","","",,"1",,
"H38",20122,,"LO","","","","NEVADA","TRIANGL",,"1",,
"H38",20123,,"CH","","","","","",,"1",,
"H38",20124,1994-03-14 0:00:00,"AN","12292752","NDSU CRUZLINER 62D1","","","",,"1",,
"H38",20125,2010-01-01 0:00:00,"LO","","","949000000195730","","",,"1",,
"H38",20126,1991-01-29 0:00:00,"AN","11554190","B/R TRAVELER 130","","QAS234","BR972",,"1",,
"H38",20127,2004-04-02 0:00:00,"LO","FM3989","","","FM1787","FF2177",,"1",,
"H38",20128,2004-04-02 0:00:00,"LO","FM3989","","","FM1787","FF2177",,"1",,
"H38",20129,2004-03-18 0:00:00,"LO","PM3987","","","FM1787","XF1549",,"1",,
"H38",20130,2010-01-01 0:00:00,"LO","","","949000000071031","","",,"1",,
"H38",20131,1998-10-05 0:00:00,"AR","575520","","","372629","312222",,"1",,
"H38",20132,,"CH","","","","","",,"1",,
"H38",20133,,"AN","11592069","TRAVELER 722","","","",,"1",,
"H38",20134,2006-06-27 0:00:00,"LO","","","949000000015754","U319 ","377M",,"1",,
"H38",20135,,"AN","","","","","",,"1",,
"H38",20136,2010-02-06 0:00:00,"AN","17119123","","949000000196859","13512009","15786974",,"1",,
"H38",20137,,"AN","","","","","",,"1",,
"H38",20138,,"AN","","","","","",,"1",,
"H38",20139,,"AN","","","","","",,"1",,
"H38",20140,,"AN","","","","","",,"1",,
"H38",20141,,"AN","","","","","",,"1",,
"H38",20142,,"AN","","","","","",,"1",,
"H38",20143,,"AN","","","","","",,"1",,
"H38",20144,,"AN","","","","","",,"1",,
"H38",20145,,"AN","","","","","",,"1",,
"H38",20146,,"AN","","","","","",,"1",,
"H38",20147,,"AN","","","","","",,"1",,
"H38",20148,2000-01-16 0:00:00,"CH","M602060","","","TT82F","9108",,"1",,
"H38",20149,1997-04-12 0:00:00,"SM","1937373","","","BLKDEST","CIRCLS",,"1",,
"H38",20150,2001-09-16 0:00:00,"SM","2152782","","","GWLUCKYD","9104J",,"1",,
"H38",20151,,"CH","","","","","",,"1",,
"H38",20152,,"AN","","","","","",,"1",,
"H38",20153,,"CH","","","","","",,"1",,
"H38",20154,,"AN","","","","","",,"1",,
"H38",20155,,"AN","","","","","",,"1",,
"H38",20156,,"CH","","","","","",,"1",,
"H38",20157,2009-03-19 0:00:00,"AR","1337167","","949000000073201","","",,"1",,
"H38",20158,,"CH","","","","","",,"1",,
"H38",20159,2009-04-01 0:00:00,"AR","1337190","","949000000008806","1111871","1031383",,"1",,
"H38",20160,,"AR","","","","","",,"1",,
"H38",20161,2009-04-09 0:00:00,"AR","1337162","","","1187150","575560",,"1",,
"H38",20162,,"GV","","","","","",,"1",,
"H38",20163,,"CH","","","","","",,"1",,
"H38",20164,,"","","","","","",,"1",,
"H38",20165,,"HH","","","","","",,"1",,
"H38",20166,,"CH","","","","","",,"1",,
"H38",20167,,"HH","","","","","",,"1",,
"H38",20168,,"AN","","","","","",,"1",,
"H38",20169,,"AN","","","","","",,"1",,
"H38",20170,,"CH","","","","","",,"1",,
"H38",20171,,"CH","","","","","",,"1",,
"H38",20172,,"AN","","","","","",,"1",,
"H38",20173,,"AN","","","","","",,"1",,
"H38",20174,,"AN","","","","","",,"1",,
"H38",20175,,"AN","","","","","",,"1",,
"H38",20176,,"AN","","","","","",,"1",,
"H38",20177,,"AN","","","","","",,"1",,
"H38",20178,,"AN","","","","","",,"1",,
"H38",20179,1970-02-15 0:00:00,"AR","65513","","","","",,"1",,
"H38",20180,,"AN","","","","","",,"1",,
"H38",20181,1990-01-29 0:00:00,"AR","326175","","","","",,"1",,
"H38",20182,,"AR","","","","","",,"1",,
"H38",20183,,"AN","","","","","",,"1",,
"H38",20184,,"AN","08505294","BAND 234 OF IDEAL 3163","","","",,"1",,
"H38",20185,,"AN","09891499","TEHAMA BANDO 155","","BAND234","",,"1",,
"H38",20186,,"AR","1293","","","","",,"1",,
"H38",20187,1997-04-14 0:00:00,"AR","574873","","","BUCC1658","MRM1431",,"1",,
"H38",20188,1978-03-17 0:00:00,"AR","","100598","","OKDBLCHF","MDMADCP",,"1",,
"H38",20189,,"AR","","","","","",,"1",,
"H38",20190,,"","","","","","",,"1",,
"H38",20191,,"AN","10711858","B/R MISTER T 545","","","",,"1",,
"H38",20192,1988-03-04 0:00:00,"AR","299558","","","BUFCC824","BFLOCRK",,"1",,
"H38",20193,1984-02-28 0:00:00,"AR","170753","","","RCNCAN92","BUFCKLA",,"1",,
"H38",20194,,"","","","","","",,"1",,
"H38",20195,,"AN","09471066","BLACK WITCH CORBINAIRE 95","","","",,"1",,
"H38",20196,,"AN","","","","","",,"1",,
"H38",20197,,"CH","","","","","",,"1",,
"H38",20198,,"CH","","","","","",,"1",,
"H38",20199,,"CH","","","","","",,"1",,
"H38",20200,1996-06-03 0:00:00,"HH","CAN2650999","FE 34Z STANDARD 69F","","42355520","C2438498",,"1",,
"H38",20201,,"CH","","","","","",,"1",,
"H38",20202,,"CH","","","","","",,"1",,
"H38",20203,,"CH","","","","","",,"1",,
"H38",20204,,"CH","","","","","",,"1",,
"H38",20205,,"CH","","","","","",,"1",,
"H38",20206,,"CH","","","","","",,"1",,
"H38",20207,,"CH","","","","","",,"1",,
"H38",20208,,"CH","","","","","",,"1",,
"H38",20209,,"CH","","","","","",,"1",,
"H38",20210,,"CH","","","","","",,"1",,
"H38",20211,,"CH","","","","","",,"1",,
"H38",20212,,"CH","","","","","",,"1",,
"H38",20213,,"AN","10749607","PREMIER CHAIRMAN 6011A","","CHAIRMAN","",,"1",,
"H38",20214,,"CH","","","","","",,"1",,
"H38",20215,,"AN","10173231","GREENBRAE CHAIRMAN","","","",,"1",,
"H38",20216,1965-10-05 0:00:00,"AR","13072","","","CHOCTCHF","KCELZB",,"1",,
"H38",20217,,"AR","","","","","",,"1",,
"H38",20218,,"AN","","","","","",,"1",,
"H38",20219,2010-01-25 0:00:00,"SM","2570100","","949000000197679","2226324","2460406",,"1",,
"H38",20220,,"AR","179724","","","","",,"1",,
"H38",20221,,"DR","","","","","",,"1",,
"H38",20222,,"LO","","","","","",,"1",,
"H38",20223,,"AN","06064368","EMULATION 31","","","",,"1",,
"H38",20224,,"AN","09678609","N BAR EMULATION 8520","","EMUL31","",,"1",,
"H38",20225,,"AN","","EXT EMULATION","","","",,"1",,
"H38",20226,,"AN","","","","","",,"1",,
"H38",20227,,"HH","40036740","GH MEDAL BRITISHR 52E ET","","","",,"1",,
"H38",20228,1997-02-19 0:00:00,"AR","557331","","","LKIR8621","GLACRBA",,"1",,
"H38",20229,1992-02-07 0:00:00,"AR","372629","","","BFLOCR","GLCRBLA",,"1",,
"H38",20230,,"HH","","","","","",,"1",,
"H38",20231,,"HH","","","","","",,"1",,
"H38",20232,,"HH","","","","","",,"1",,
"H38",20233,,"AN","10349477","HIGHWOOD HERO L C H","","","",,"1",,
"H38",20234,,"AN","10848637","R R HERO 6267","","HERO","",,"1",,
"H38",20235,,"HH","","","","","",,"1",,
"H38",20236,,"AN","09324765","BASIN HIGH TIME","","","",,"1",,
"H38",20237,1992-02-13 0:00:00,"AR","373544","MLK CRK HOBO 5228","","","",,"1",,
"H38",20238,,"","","","","","",,"1",,
"H38",20239,,"","","","","","",,"1",,
"H38",20240,,"HP","","","","","",,"1",,
"H38",20241,,"HP","","","","","",,"1",,
"H38",20242,,"HP","","","","","",,"1",,
"H38",20243,1987-01-05 0:00:00,"HP","18838131","","","18146545","18632384",,"1",,
"H38",20244,,"HP","","","","","",,"1",,
"H38",20245,,"HP","","","","","",,"1",,
"H38",20246,,"HP","","","","","",,"1",,
"H38",20247,,"HP","","","","","",,"1",,
"H38",20248,,"HP","","","","","",,"1",,
"H38",20249,,"AN","10112151","LEMON IMPACT","","BWC95","",,"1",,
"H38",20250,,"","","","","","",,"1",,
"H38",20251,1973-03-19 0:00:00,"AR","58788","","","ANKODYNA","HOMAMB",,"1",,
"H38",20252,,"","","","","","",,"1",,
"H38",20253,,"AN","10335630","KADENCE RIFLEMAN","","","",,"1",,
"H38",20254,,"AR","15185","","","","",,"1",,
"H38",20255,,"","","","","TRIH153","TRI1001",,"1",,
"H38",20256,,"HH","","","","","",,"1",,
"H38",20257,,"HH","","","","","",,"1",,
"H38",20258,,"HH","","","","","",,"1",,
"H38",20259,,"HH","","","","","",,"1",,
"H38",20260,,"HH","","","","","",,"1",,
"H38",20261,1999-03-30 0:00:00,"HH","41167437","L DAKOTA AUTUMN 957","","19511547","19394319",,"1",,
"H38",20262,1999-04-06 0:00:00,"HH","41167439","L DAKOTA AUTUMN 965","","19511547","19593530",,"1",,
"H38",20263,2001-03-02 0:00:00,"HH","42223519","L SUNDANCE 118","","40061433","19540746",,"1",,
"H38",20264,,"HH","","","","","",,"1",,
"H38",20265,1998-03-07 0:00:00,"HH","41068670","L DAKOTA AUTUMN 875","","19511547","19394299",,"1",,
"H38",20266,,"","","","","","",,"1",,
"H38",20267,1987-02-09 0:00:00,"AR","275682","","","RCNDY614","LCHDU",,"1",,
"H38",20268,1988-02-07 0:00:00,"AR","299211","","","","",,"1",,
"H38",20269,,"","","","","","",,"1",,
"H38",20270,,"LO","","","","","",,"1",,
"H38",20271,1990-02-16 0:00:00,"AR","335067","","","LCHROB","LCHELEN",,"1",,
"H38",20272,2002-01-29 0:00:00,"AR","832407","","","BFCC4912","KRNRERO",,"1",,
"H38",20273,,"LO","","","","","",,"1",,
"H38",20274,,"AN","09819973","LOVANA","","PSPOWER","",,"1",,
"H38",20275,1990-01-29 0:00:00,"AR","326175","LARSON SUNDANCE 001","","","",,"1",,
"H38",20276,1992-04-30 0:00:00,"AR","385484","","","LKIR8621","LCHPRL",,"1",,
"H38",20277,2002-05-09 0:00:00,"HH","42287234","","949000000191724","42035398","19555135",,"1",,
"H38",20278,2002-04-27 0:00:00,"HH","42287255","","949000000191998","40049272","19583647",,"1",,
"H38",20279,2002-03-26 0:00:00,"HH","","SR MAGNET 462","","40049272","19570055",,"1",,
"H38",20280,2002-04-21 0:00:00,"HH","42287361","SR SANDMAN 1272","","42035398","40005441",,"1",,
"H38",20281,2002-04-21 0:00:00,"HH","42287362","","","42035398","40005441",,"1",,
"H38",20282,2002-04-19 0:00:00,"HH","42287370","","0949000000124501","40036739","40042479",,"1",,
"H38",20283,2002-05-22 0:00:00,"HH","42287389","","949000000196259","40049272","40042525",,"1",,
"H38",20284,,"LO","","","","","",,"1",,
"H38",20285,2002-04-24 0:00:00,"HH","42287422","","949000000091991","42035398","40045567",,"1",,
"H38",20286,2002-03-28 0:00:00,"HH","42287429","","949000000095383","42035398","41053189",,"1",,
"H38",20287,2002-03-26 0:00:00,"HH","42287433","","949000000216410","42035398","41053020",,"1",,
"H38",20288,2002-03-27 0:00:00,"HH","42287459","","949000000094306","42035426","41034505",,"1",,
"H38",20289,2002-04-05 0:00:00,"HH","42287465","","","42035426","41034704",,"1",,
"H38",20290,2002-04-10 0:00:00,"HH","42287470","","","42035426","41007692",,"1",,
"H38",20291,2002-04-21 0:00:00,"HH","42287537","SR COMET 1252","","42167187","41131050",,"1",,
"H38",20292,2002-03-08 0:00:00,"HH","42287582","SR MARK DON 802","","41139401","42078300",,"1",,
"H38",20293,2010-02-14 0:00:00,"SM","2570118","","949000000070911","2216165","2183664",,"1",,
"H38",20294,,"","","","","","",,"1",,
"H38",20295,,"","","","","","",,"1",,
"H38",20296,,"AR","","Messmer Red Angus Bulls","","","",,"1",,
"H38",20297,1984-01-10 0:00:00,"AR","166282","","","","",,"1",,
"H38",20298,,"AR","","","","","",,"1",,
"H38",20299,,"AR","","","","","",,"1",,
"H38",20300,,"AR","","","","","",,"1",,
"H38",20301,,"AR","","","","","",,"1",,
"H38",20302,,"AR","","","","","",,"1",,
"H38",20303,,"MS","","","","","",,"1",,
"H38",20304,,"MS","","","","","",,"1",,
"H38",20305,,"AR","","","","","",,"1",,
"H38",20306,,"AR","","","","","",,"1",,
"H38",20307,,"AR","","","","","",,"1",,
"H38",20308,2003-03-28 0:00:00,"HH","42408174","","","41123437","42078510",,"1",,
"H38",20309,2003-03-17 0:00:00,"HH","42420194","","","42254372","41139404",,"1",,
"H38",20310,2003-03-09 0:00:00,"HH","42408305","","","42071009","42197977",,"1",,
"H38",20311,2003-04-24 0:00:00,"HH","42407506","","949000000197658","42035398","19518703",,"1",,
"H38",20312,2003-03-30 0:00:00,"HH","42407563","","949000000192410","42198179","",,"1",,
"H38",20313,2003-03-28 0:00:00,"HH","42407659","","949000000095204","42197974","19578502",,"1",,
"H38",20314,2003-04-13 0:00:00,"HH","42407737","","949000000200825","42196319","19578610",,"1",,
"H38",20315,2003-04-10 0:00:00,"HH","42407762","","","42071009","19589827",,"1",,
"H38",20316,2003-04-11 0:00:00,"HH","41123437","","","41123437","40031007",,"1",,
"H38",20317,1976-03-09 0:00:00,"AR","78553","","","PBC373D0","PBC373",,"1",,
"H38",20318,2010-01-01 0:00:00,"LO","","","949000000007953","","",,"1",,
"H38",20319,,"UNKNHH","","","949000000200111","UNKNHH","",,"1",,
"H38",20320,,"HH","","","982009104079635","UNKNHH","",,"1",,
"H38",20321,2004-03-25 0:00:00,"AR","992329","","","LELAND","BARN CH",,"1",,
"H38",20322,,"HH","42496586","","982009104079678","UNKNHH","",,"1",,
"H38",20323,,"HH","42496630","","982009104079935","UNKNHH","",,"1",,
"H38",20324,,"HH","42495715","","982009104079529","UNKNHH","",,"1",,
"H38",20325,2004-05-01 0:00:00,"LO","FM3990","","982000039975103","FM647","FF156",,"1",,
"H38",20326,,"AN","10846681","PAPA RITO T INTENSE DHD 6844","","","",,"1",,
"H38",20327,,"AR","41855","","","","",,"1",,
"H38",20328,1972-03-14 0:00:00,"AR","47437","","","CHOCF373","EYEMP4",,"1",,
"H38",20329,,"AR","70736","","","","",,"1",,
"H38",20330,1975-03-17 0:00:00,"AR","70773","","","PBC373D0","PHCBAND",,"1",,
"H38",20331,,"AN","10852649","BEAR CREEK POWER DRIVE 6106","","","",,"1",,
"H38",20332,,"AN","08974207","P S POWER PLAY","","","",,"1",,
"H38",20333,,"AN","09250717","Q A S TRAVELER 23-4","","BAND234","",,"1",,
"H38",20334,2005-01-01 0:00:00,"LO","","","949000000106693","","",,"1",,
"H38",20335,,"AN","10388929","G D A R RAINMAKER 340","","LOVANA","",,"1",,
"H38",20336,,"CH","","","","","",,"1",,
"H38",20337,1980-04-16 0:00:00,"AR","120186","","","RCNCYNCF","RCNEXA",,"1",,
"H38",20338,1978-03-16 0:00:00,"AR","95641","","","PBCD6MH1","RCNIDGO",,"1",,
"H38",20339,,"AR","","","","","",,"1",,
"H38",20340,1976-03-12 0:00:00,"AR","87772","","","JHLDY417","RCNIDGO",,"1",,
"H38",20341,1974-02-28 0:00:00,"AR","66260","","","","",,"1",,
"H38",20342,,"AR","1533","","","","",,"1",,
"H38",20343,,"","","","","","",,"1",,
"H38",20344,,"AN","","","","","",,"1",,
"H38",20345,,"AN","","","","","",,"1",,
"H38",20346,,"","09682589","RITO 9J9 OF B156 7T26","","","",,"1",,
"H38",20347,,"AR","35607","","","","",,"1",,
"H38",20348,,"AR","8496","","","","",,"1",,
"H38",20349,,"AR","","","","","",,"1",,
"H38",20350,2006-03-12 0:00:00,"AR","1114775","","982000039974158","832407","971798",,"1",,
"H38",20351,,"AR","","","","UNKN","",,"1",,
"H38",20352,2006-03-26 0:00:00,"HH","42728135","","982000040735674","42162587","42287339",,"1",,
"H38",20353,2006-01-26 0:00:00,"HH","X4121210","","982000039975207","X3997326","X4011729",,"1",,
"H38",20354,2006-03-28 0:00:00,"HH","42728678","","982000039975165","42162587","42287288",,"1",,
"H38",20355,2006-05-09 0:00:00,"LO","","","","","",,"1",,
"H38",20356,2006-04-08 0:00:00,"AR","1114780","","982000041245512","832407","958997",,"1",,
"H38",20357,2006-04-08 0:00:00,"AR","1101273","","982000041183240","833209","407740",,"1",,
"H38",20358,2006-03-03 0:00:00,"LO","","","","EZ PRIDE","EZ MISS",,"1",,
"H38",20359,,"AR","","","","","",,"1",,
"H38",20360,2006-04-13 0:00:00,"AR","1114786","","982000039974163","761532","407740",,"1",,
"H38",20361,2006-02-24 0:00:00,"AR","1129721","","982000039975466","648319","992245",,"1",,
"H38",20362,2006-02-26 0:00:00,"AR","1129750","","982000040735727","545761","632709",,"1",,
"H38",20363,2006-02-28 0:00:00,"AR","1129732","","982000039975601","575520","549221",,"1",,
"H38",20364,2006-03-31 0:00:00,"AR","1129780","","982000041183249","763219","667864",,"1",,
"H38",20365,2006-04-05 0:00:00,"AR","1129717","","","921761","992270",,"1",,
"H38",20366,2006-04-14 0:00:00,"HH","42727065","","982000039974223","42444418","41026053",,"1",,
"H38",20367,2006-03-11 0:00:00,"HH","X4121962","","982000039975569","LOTTO255","X4058156",,"1",,
"H38",20368,2006-03-21 0:00:00,"HH","X4121963","","982000039488635","LOTTO255","X4058144",,"1",,
"H38",20369,2006-03-24 0:00:00,"HH","X4121964","","982000039975453","GSALLSTA","X4058161",,"1",,
"H38",20370,2006-04-29 0:00:00,"HH","X4124729","","982000039974273","LOTTO255","X4058142",,"1",,
"H38",20371,2006-03-04 0:00:00,"HH","42729126","","982000039975323","42536808","42495930",,"1",,
"H38",20372,2006-03-04 0:00:00,"HH","42729127","","982000041182894","42536808","42495930",,"1",,
"H38",20373,2006-03-13 0:00:00,"HH","42731469","","982000041183181","42731469","SBROBYN",,"1",,
"H38",20374,,"LO","","","","","",,"1",,
"H38",20375,,"CH","","","","","",,"1",,
"H38",20376,2001-02-17 0:00:00,"HH","42200613","SR STANDARD 61","","42200609","42167185",,"1",,
"H38",20377,2000-03-18 0:00:00,"HH","42073845","SR PATROL 0103","","19563937","40045544",,"1",,
"H38",20378,2001-04-06 0:00:00,"HH","42197981","SR BRITISHER 1101","","40036739","19564652",,"1",,
"H38",20379,2001-03-12 0:00:00,"HH","42197737","LS IMPRINT 161","","42035426","19381981",,"1",,
"H38",20380,,"HH","","","","","",,"1",,
"H38",20381,2001-04-01 0:00:00,"HH","42197948","SR IMPRINT 991","","42035426","19583594",,"1",,
"H38",20382,2001-04-04 0:00:00,"HH","42197732","SR MAGNET 1051","","40049272","19306637",,"1",,
"H38",20383,,"HH","","","","","",,"1",,
"H38",20384,,"HH","","","","","",,"1",,
"H38",20385,2000-03-21 0:00:00,"HH","42078100","SR IMPRINT 290","","42035426","19583647",,"1",,
"H38",20386,1999-03-24 0:00:00,"HH","41130962","SR COMMAND 349","","19436461","19532358",,"1",,
"H38",20387,2000-03-24 0:00:00,"HH","42077969","DS COMMAND 360","","BB7Z4032","DSM370",,"1",,
"H38",20388,,"HH","","","","","",,"1",,
"H38",20389,,"HH","","","","","",,"1",,
"H38",20390,,"HH","","","","","",,"1",,
"H38",20391,2000-04-10 0:00:00,"HH","42077966","SR MAGNET 610","","40049272","19382093",,"1",,
"H38",20392,2001-03-27 0:00:00,"HH","42197914","SR MAGNET 641","","40049272","19583593",,"1",,
"H38",20393,1998-04-18 0:00:00,"HH","41007699","SR PATRIOT 8189","","BBP0293","BBMS804",,"1",,
"H38",20394,2000-03-06 0:00:00,"HH","42078458","DS MARK DOMINO 750","","19599204","41053182",,"1",,
"H38",20395,,"HH","","","","","",,"1",,
"H38",20396,2001-03-31 0:00:00,"HH","42197773","SR MAGNET 941","","40049272","19532315",,"1",,
"H38",20397,,"HH","","","","","",,"1",,
"H38",20398,,"AR","","","","","",,"1",,
"H38",20399,,"AN","","","","","",,"1",,
"H38",20400,1957-02-16 0:00:00,"AR","1434","","","","",,"1",,
"H38",20401,,"HH","","STUBER HEREFORDS","","","",,"1",,
"H38",20402,2007-02-10 0:00:00,"SH","X4132095","","","","",,"1",,
"H38",389,2007-03-30 0:00:00,"LOHHARHH","","","949000000006036","307M","FM9",,"1",,
"H38",20404,,"HH","40004855","","","","",,"1",,
"H38",20405,,"HH","19427495","","","","",,"1",,
"H38",20406,,"HH","19492955","","","","",,"1",,
"H38",20407,,"HH","19604679","","","","",,"1",,
"H38",20408,,"HH","19604731","","","","",,"1",,
"H38",20409,,"HH","19515126","","","","",,"1",,
"H38",20410,,"HH","19574262","","","","",,"1",,
"H38",20411,1976-04-18 0:00:00,"AR","62700","","","","",,"1",,
"H38",20412,,"AN","","","","","",,"1",,
"H38",20413,2008-03-06 0:00:00,"AR","1242067","","982000128138490","L290605","JULIAS98",,"1",,
"H38",20414,2008-04-11 0:00:00,"AR","1242050","","","937253","958997",,"1",,
"H38",20415,2008-04-11 0:00:00,"AR","1242051","","","937253","971785",,"1",,
"H38",20416,2008-04-14 0:00:00,"AR","1242075","","","SHODATA","HIHO3007",,"1",,
"H38",20417,2008-01-21 0:00:00,"SH","X4148364","","","X4051692","X4121211",,"1",,
"H38",20418,2008-01-20 0:00:00,"SH","X4146285","","","X4135495","X4101844",,"1",,
"H38",20419,2008-01-23 0:00:00,"SH","85 1 23 29S3","","","X3977726","X4121225",,"1",,
"H38",20420,2008-01-28 0:00:00,"SH","X4146280","","","X4135495","X4101842",,"1",,
"H38",20421,2008-02-02 0:00:00,"SH","X4146288","","","X4135495","AR38387",,"1",,
"H38",20422,2008-01-29 0:00:00,"SH","X4146277","","","X4135495","4045291",,"1",,
"H38",20423,2008-01-26 0:00:00,"SH","X4146272","","","X4135495","AR38389",,"1",,
"H38",20424,,"","","","","UNKN","",,"1",,
"H38",20425,,"AN","","","","","",,"1",,
"H38",20426,,"AR","","","","","",,"1",,
"H38",20427,,"CH","","","","","",,"1",,
"H38",20428,,"GV","","","","","",,"1",,
"H38",20429,,"HH","","","","","",,"1",,
"H38",20430,,"LM","","","","","",,"1",,
"H38",20431,,"LO","","","","","",,"1",,
"H38",20432,,"SH","","","","","",,"1",,
"H38",20433,,"SM","","","","","",,"1",,
"H38",20434,,"LO","","","","","",,"1",,
"H38",20435,2008-02-10 0:00:00,"AR","1238605","","982000128138375","969339","1109562",,"1",,
"H38",20436,2008-03-08 0:00:00,"AR","1238639","","","1037373","1109688",,"1",,
"H38",20437,2008-03-10 0:00:00,"AR","1238507","","","BANDS152","ZINA237P",,"1",,
"H38",20438,2008-03-19 0:00:00,"AR","1238616","","","1037373","1109610",,"1",,
"H38",20439,2008-03-23 0:00:00,"AR","1238503","","","JUL364R","CHEN224N",,"1",,
"H38",20440,2008-03-30 0:00:00,"AR","1238536","","949000000076854","1037373","1037410",,"1",,
"H38",20441,2008-03-10 0:00:00,"AR","1238678","","","MARIA548","PAND9498",,"1",,
"H38",20442,2008-03-11 0:00:00,"AR","1238662","","","ROB8621","ZINA9811",,"1",,
"H38",20443,2009-03-20 0:00:00,"AN","16547366","","","14899673","15801947",,"1",,
"H38",20444,2009-03-11 0:00:00,"AR","1317982","","","387580","834374",,"1",,
"H38",20445,2009-03-12 0:00:00,"AR","1317985","","949000000197589","387580","834374",,"1",,
"H38",20446,2009-03-13 0:00:00,"AN","16547369","","","14899673","15998427",,"1",,
"H38",20447,2009-03-13 0:00:00,"AN","16547370","","","14899673","15998426",,"1",,
"H38",20448,2009-03-05 0:00:00,"AR","1317950","","949000000248689","960383","834374",,"1",,
"H38",20449,2009-03-07 0:00:00,"AR","1317946","","949000000195814","657222","605263",,"1",,
"H38",20450,2009-03-31 0:00:00,"AN","16547374","","","14899673","15639990",,"1",,
"H38",20451,2009-05-23 0:00:00,"AR","1325074","","","MLKC7160","SMJS224",,"1",,
"H38",20452,2009-03-19 0:00:00,"AR","1337167","","","1111871","823454",,"1",,
"H38",20453,2009-04-01 0:00:00,"AR","1337190","","","1111871","1031383",,"1",,
"H38",20454,2009-04-06 0:00:00,"AR","1337204","","","1039200","1198494",,"1",,
"H38",20455,2009-04-09 0:00:00,"AR","1337162","","","1187150","575560",,"1",,
"H38",20456,2009-04-11 0:00:00,"AR","1337111","","","921761","1033917",,"1",,
"H38",20457,2009-04-23 0:00:00,"AR","","","","","",,"1",,
"H38",20458,,"AR","","WHITMORE AR BULLS","","","",,"1",,
"H38",20459,,"","","","","","",,"1",,
"H38",20460,2010-02-23 0:00:00,"ANARANHH","","","982000128138548","7AN278","U8076",,"1",,
"H38",20461,2010-03-04 0:00:00,"ANGV","","","982000128138677","7AN278","U8380",,"1",,
"H38",495,2010-03-05 0:00:00,"ARLOHHAR","","","982000128138675","UNKNAR","U8190",,"1",,
"H38",500,2010-03-07 0:00:00,"ARLOAN","","","982000128138532","UNKNAR","U8235",,"1",,
"H38",519,2010-03-18 0:00:00,"ARLOANHH","","","999000000013061","UNKNAR","S6040",,"1",,
"H38",520,2010-03-18 0:00:00,"ARLOANAN","","","982000128138539","UNKNAR","R5043",,"1",,
"H38",521,2010-03-19 0:00:00,"ARLOAN","","","982000128138881","V532","N3087",,"1",,
"H38",531,2010-03-27 0:00:00,"ARLOLOAN","","","982000128138659","V108","S6096",,"1",,
"H38",537,2010-03-30 0:00:00,"ARLOANAN","","","982000128138525","V529","S6273",,"1",,
"H38",20469,2010-04-01 0:00:00,"ARLOARAN","","","982000128138284","UNKNAR","N3343",,"1",,
"H38",543,2010-04-04 0:00:00,"ARARLOLO","","","982000128138721","UNKNAR","U8163",,"1",,
"H38",545,2010-04-07 0:00:00,"ARLOANHH","","","982000128138695","UNKNAR","S6197",,"1",,
"H38",20472,2010-05-26 0:00:00,"AR","1393930","","982000128138295","7057","8007",,"1",,
"H38",20473,2010-06-04 0:00:00,"AR","1393949","","","791-9065","6158",,"1",,
"H38",20474,2011-05-14 0:00:00,"AR","1473021","006Z5ID","949000000104160","8213","5069",,"1",,
"H38",608,2011-03-18 0:00:00,"LOLOANHH","","","982000172933728","M398","P4108",,"1",,
"H38",636,2011-04-13 0:00:00,"LOLOANGV","","","982000172933738","M398","P4082",,"1",,
"H38",20477,2011-05-24 0:00:00,"AR","1473096","006Z5ID","949000000007187","K1","9002",,"1",,
"H38",20478,2012-02-20 0:00:00,"GV","1213705","006Z5ID","","1141930","1149660",,"1",,
"H38",20479,2012-05-26 0:00:00,"SMAN","","006Z5ID","949000000008813","50P7","P4003",,"1",,
"H38",20480,2012-04-16 0:00:00,"GV","1213661","006Z5ID","949000000007504","1112318","826927",,"1",,
